Región,baseline_pred_ha,scenario_pred_ha,delta_ha
SELVA,165878.70208488402,165355.96121342474,-522.7408714592789
SIERRA,6380.70709398618,5638.961050628338,-741.7460433578422
