Región,baseline_pred_ha,scenario_pred_ha,delta_ha
SELVA,151709.00475789484,156110.46721475702,4401.462456862175
SIERRA,6173.839966626879,5893.545381547511,-280.2945850793677
