Región,baseline_pred_ha,scenario_pred_ha,delta_ha
SELVA,151709.00475789484,152752.9554861666,1043.9507282717682
SIERRA,6173.839966626879,5717.821170263663,-456.0187963632162
