Región,baseline_pred_ha,scenario_pred_ha,delta_ha
SELVA,165878.70208488402,165868.98511043578,-9.71697444823366
SIERRA,6380.70709398618,5733.441437060367,-647.2656569258123
