Región,baseline_pred_ha,scenario_pred_ha,delta_ha
SELVA,151709.00475789484,150851.17851104154,-857.8262468533092
SIERRA,6173.839966626879,5635.236394747833,-538.6035718790456
