Región,baseline_pred_ha,scenario_pred_ha,delta_ha
SELVA,165878.70208488402,165901.34495909562,22.642874211606596
SIERRA,6380.70709398618,5746.7876130847335,-633.9194809014463
