year,n,mae,rmse,r2,sum_observed,sum_pred
2021,393,173.4585714302615,376.5611885472947,0.7660815678264798,136199.88,157369.25095465826
2022,393,178.44894587543016,506.74894707464927,0.6551980911268869,145276.74,157356.438660765
2023,393,173.8326127936298,373.4942999852618,0.7457731881100077,130752.44999999998,156615.02564986484
2024,393,202.3318681723099,580.3235974906537,0.5829175308340203,149231.52,156706.89855566053
