scenario,total_pred_ha,total_delta_ha
bad,162004.01259630453,4121.167871782807
good,156486.41490578937,-1396.4298187323548
mild,158470.77665643027,587.9319319085521
