scenario,total_pred_ha,total_delta_ha
bad,170994.92226405308,-1264.486914817121
good,171648.13257218036,-611.2766066898396
mild,171602.42654749614,-656.9826313740462
