{
  "good": {
    "total_pred_ha": 171648.13257218036,
    "total_delta_ha": -611.2766066898396,
    "mean_delta_ha": -1.551463468755938
  },
  "mild": {
    "total_pred_ha": 171602.42654749614,
    "total_delta_ha": -656.9826313740462,
    "mean_delta_ha": -1.6674686075483405
  },
  "bad": {
    "total_pred_ha": 170994.92226405308,
    "total_delta_ha": -1264.486914817121,
    "mean_delta_ha": -3.2093576518201044
  }
}