{
  "good": {
    "total_pred_ha": 156486.41490578937,
    "total_delta_ha": -1396.4298187323548,
    "mean_delta_ha": -3.5442381186100373
  },
  "mild": {
    "total_pred_ha": 158470.77665643027,
    "total_delta_ha": 587.9319319085521,
    "mean_delta_ha": 1.4922130251486094
  },
  "bad": {
    "total_pred_ha": 162004.01259630453,
    "total_delta_ha": 4121.167871782807,
    "mean_delta_ha": 10.459816933458901
  }
}